Title,Lesson Folder,Type,Kami Link,Drive Image ID / Link,Slides Link
Element Mixture Compounds Presentation,(root),Presentation,,,https://docs.google.com/presentation/d/1eQSlrIjYw_g5PhTi_iyGuBXH2QYoWbqi23q_kopS-aE/edit (not yet published to web)
Unit 2 Content.pdf,(root),Notes,https://kami.app/Pu1-3SF-XhN-ZsC,https://drive.google.com/file/d/13M3bN7NGZeERf72V5yT_xNf3wP4L3oE3/view,
Unit 2 Content KEY.pdf,(root),Notes,https://kami.app/nqZ-WaG-pgJ-S3D,https://drive.google.com/file/d/1kZleIQDAgsxn-spoxpLD0roaIM3cFHj_/view,
POGIL 2018_2019 Final (doc),(root),POGIL,,https://docs.google.com/document/d/1Qk1tjB8x0yE_6hMqFyk37lF5Q80lwaTMPAT6UwMW08Y/edit,
Classification of Matter Quiz 2021-2022.pdf,(root),Quiz,https://kami.app/QXt-eD3-ZZz-uW6,https://drive.google.com/file/d/1qC2GC36hyD802GExBp6CWdhcVqjCql10/view,
Metric Unit Quiz 2021-2022.pdf,(root),Quiz,https://kami.app/tyi-ZdH-SLe-D4X,https://drive.google.com/file/d/151GGKHIm4hGQ0JCPtIAFlpXXIHFBMqLR/view,
Classification of Matter Presentation,Classification of Matter,Presentation,,,https://docs.google.com/presentation/d/1F9xDKTJMRA0hTVq_ct5D6dhPctrRR7LRn1X4R3MGDD4/edit (not yet published to web)
Classification of Matter Nuts and Bolts Worksheet.pdf,Classification of Matter/Worksheet-Nuts and Bolts,Worksheet,https://kami.app/Prk-LmD-4SR-6EC,https://drive.google.com/file/d/1qD8DyAwvglXkCiXLNefvX3gOBdaBBmPx/view,
Classification of Matter Nuts and Bolts Worksheet Image,Classification of Matter/Worksheet-Nuts and Bolts,Worksheet,,1fJrkHQ8OQ3IMLlcAXN8IX6Z3jbxJqV6Q,
Classification of Matter Presentation (alt),Classification of Matter/Worksheet-Nuts and Bolts,Presentation,,,https://docs.google.com/presentation/d/1zoICg2x1akwjhqCZ6Ke4627rEO_xn-2biHRg4oMH7os/edit (not yet published to web)
LABS Unit 2 2017-2018.pdf,Classification of Matter/Worksheet-Nuts and Bolts,Lab,https://kami.app/WG8-42A-KVL-VHF,https://drive.google.com/file/d/18NziFV-R-qTevwpCTJz-Vg9wSEykk45r/view,
Compounds and Mixtures Worksheet.pdf,Classification of Matter/Worksheet-Compounds and Mixtures,Worksheet,https://kami.app/JP4-3ZW-Aet-Rxx,https://drive.google.com/file/d/1zTy6pbD_zjiGVkdrzRQgDIft_XJHyGq2/view,
Compounds and Mixtures Worksheet Image,Classification of Matter/Worksheet-Compounds and Mixtures,Worksheet,,1hfFSrsAdt6vhZpPTsdzc53Owwdke4661,
Compounds and Mixtures Worksheet Key.pdf,Classification of Matter/Worksheet-Compounds and Mixtures,Worksheet,https://kami.app/hJt-p8N-n9V-52S,https://drive.google.com/file/d/1tqe_iZBn-x7-Zhq2SUc1BagP-0i7_j_H/view,
Chemistry Vocabulary Worksheet.pdf,Classification of Matter/Worksheet-Classification of Matter Vocabulary,Worksheet,https://kami.app/MBW-WYr-4pt-vSC,https://drive.google.com/file/d/1M9uFHV406CCrKTQLBNplpGETgi3xwmSb/view,
Chemistry Vocabulary 2.pdf,Classification of Matter/Worksheet-Classification of Matter Vocabulary,Worksheet,https://kami.app/TXj-1w1-F49-gut,https://drive.google.com/file/d/14zm1nt58Fqxo1KbP_wZSKUUA-Fj8J_Mu/view,
Concept Map.Element and Mixture.pdf,Classification of Matter/ConceptMap-Element and Mixture,Worksheet,https://kami.app/wsB-pYp-tQK-B5z,https://drive.google.com/file/d/1tbmIf2D1YdgKO46UHJ0_FUDQlSBcysJh/view,
Concept Map Template.pdf,Classification of Matter/ConceptMap-Element and Mixture,Worksheet,https://kami.app/b2E-xRQ-V7J-qtC,https://drive.google.com/file/d/12xSajp6R9EyL7w-RaPSlhFaMm1b0pBQe/view,
LAB 2.0-Mixtures Paper Chromatography.pdf,LABS Unit 2,Lab,https://kami.app/J4b-MKg-pnh-bPv,https://drive.google.com/file/d/1_N6UayuQ2ApvV-U07fZKQ-Mh7TaqO0go/view,
LAB. Mixtures Paper Chromatography Image,LABS Unit 2,Lab,,1GMCRHhx352LT01gAbScrrTV2j4F1p5a-,
LAB 2.1-Mixtures Lab.pdf,LABS Unit 2,Lab,https://kami.app/qNJ-Ydx-P8T-acM,https://drive.google.com/file/d/1dsDOtgKWNu2b5WM91F94Xm64ZTX4-_Z9/view,
Mixtures Lab 1 Image,LABS Unit 2,Lab,,1F5rSvqbWcnjuoEK5itmSqihprIikDP8w,
Lab-Mixtures 1 KEY.pdf,LABS Unit 2,Lab,https://kami.app/xyT-VRg-qPc-U4Y,https://drive.google.com/file/d/1R4cT1i75i-L1B66o6nrEOTMSN1oFOMeZ/view,
LAB-Paper Chromatography.pdf,LABS Unit 2,Lab,https://kami.app/gpM-t9y-VwG-f2c,https://drive.google.com/file/d/1uAOAhqUZBfnTa6TKiRnoykbWwzAaOV_K/view,
Chemical vs Physical Change Lab.pdf,LABS Unit 2,Lab,https://kami.app/mPp-yvW-3LG-E6y,https://drive.google.com/file/d/1D-itU1qauE-Kkrib_oE3tieQLf-Pla0t/view,
LAB. Physical vs Chemical Change Image,LABS Unit 2,Lab,,1jZEyMJi-bgNzwNZoqXPvarFrGmF68-v4,
Lab-Physical vs. Chemical Changes.pdf,LABS Unit 2,Lab,https://kami.app/WQN-KEV-5Hd-nwe,https://drive.google.com/file/d/15us_2EnnIKPwp_AlvmBV8Lf4gLD_4jOe/view,
Distillation Lab.pdf,LABS Unit 2,Lab,https://kami.app/pp9-W2Z-EGg-KXL,https://drive.google.com/file/d/1B79InNbtIJpKCQmwjhIBtFtI0vHJHr8W/view,
LAB 2.4-Distillation Image,LABS Unit 2,Lab,,1x2zGlXVEHy1W9pBmlDHyOornyCEtQenA,
Evaporation and Bunsen Burner Lab.pdf,LABS Unit 2,Lab,https://kami.app/FyN-ZPe-PFH-rs5,https://drive.google.com/file/d/1AgwVTXIkYSetC7gmhu8fW1ABl_fJXLSr/view,
LAB 2.3-Evaporation Bunsen Burner Image,LABS Unit 2,Lab,,1YOeeIkBNFG9y6vN1k1-agsaKtXo5SMcv,
Lab- Chemical Reacitons.pdf,LABS Unit 2,Lab,https://kami.app/Tq8-yq9-TVt-Gh6,https://drive.google.com/file/d/18k0IXns1nD0Fc88IJKao85Dx0qNy_v8o/view,
Observing a Chemical Reaction.pdf,LABS Unit 2,Lab,https://kami.app/AQQ-TYx-P3z-pCn,https://drive.google.com/file/d/1_J01ywE5oQSzaeafAitfIUHkhEmZqlQw/view,
