Title,Lesson Folder,Type,Kami Link,Drive Image ID / Link,Slides Link
More Mole Practice Problems (doc),(root),Worksheet,,https://docs.google.com/document/d/1HwZre76hgzVnUrQdD8Ol9WvROb2cwJ9cQbLixZsWq_U/edit,
More Mole Practice Problems.pdf,(root),Worksheet,https://kami.app/htv-a6V-cVR-qwT,https://drive.google.com/file/d/1Pj6V5VW-yPwQ8uGV-e2sN9o-N59q1kM_/view,
Mole Practice Problems (doc),Mole Practice Problems,Worksheet,,https://docs.google.com/document/d/1BWwy0CsLLlDpID75KGcvKwSBVZtmCYEsy0IySgAjqhs/edit,
Mole Practice Problems.pdf,Mole Practice Problems,Worksheet,https://kami.app/YPe-cY8-xiT-Nup,https://drive.google.com/file/d/19aKUBABuBxsGMS-3zvBgkJjn-Npyambj/view,
Mole Practice Problems Image,Mole Practice Problems,Worksheet,,1A86BqcxNlJmN2rxhhW3wcTjNhlPVT3_w,
Mole Madness (doc),Mole Madness,Activity,,https://docs.google.com/document/d/1x5GYD1PBuMGnlLKCQ-EPFZs0zCvQxSL5meoME_Iq40g/edit,
Mole Madness.pdf,Mole Madness,Activity,https://kami.app/R3r-rAK-C6Q-QkC,https://drive.google.com/file/d/15gghl3P9lV80g7zXG8j6gXdG6hlDMudJ/view,
Mole Madness Image,Mole Madness,Activity,,1CE3SR8dlMf3cNp1ZcKX3H3lk3tRrnFyq,
Chemical Quantities and Reactions Review Sheet.pdf,Chemical Quantities and Reactions Review Sheet,Worksheet,https://kami.app/3zL-y6n-ZwY-2Hc,https://drive.google.com/file/d/1wiM64wPcYImxB3pegB1Siu3Dn27MfpnU/view,
Chemical Quantities.pdf,Chemical Quantities,Worksheet,https://kami.app/qSi-x4z-68H-898,https://drive.google.com/file/d/1xaog7eWw9HUzA48cRyjXYqcViok3GCJE/view,
Calculating the Mass of an Atom or Molecule.pdf,Calculating the Mass of an Atom or Molecule,Worksheet,https://kami.app/Mg7-HTe-YgL-V6d,https://drive.google.com/file/d/1zyhTxQOv-gw-eioRm9l5VBJS5AUHFVN9/view,
Calculating the Mass of an Atom or Molecule Image,Calculating the Mass of an Atom or Molecule,Worksheet,,19z6uiVB_4UGVpWBRENmF16WdTg0t-HtW,
Intro to the Mole.pdf,Introduction to the Mole,Worksheet,https://kami.app/dTN-uec-wH5-MfQ,https://drive.google.com/file/d/1LFOFbOWF9jqUINakviWusJYYYmqzV8GB/view,
Intro to the Mole Image,Introduction to the Mole,Worksheet,,1NDY47bF_zI61eD9OzZU0ZCB10BRI1csL,
Essential Concepts-Chemical Quantities.pdf,Essential Concepts-Chemical Quantities,Worksheet,https://kami.app/F9f-qWW-4gg-eFU,https://drive.google.com/file/d/10vmco9Px8wXz5t0W-4Gcg0q-yXGnEQmZ/view,
Essential Concepts Chemical Quantities Image,Essential Concepts-Chemical Quantities,Worksheet,,17rx8IBPSZtNCL6KtDIsASxmG1wHWK8CV,
Mole Lab.pdf,LABS-Unit 7,Lab,https://kami.app/mcE-Cgg-aXE-Xnp,https://drive.google.com/file/d/1nZyOKuBCejMNvXJEZpHY5VMmNpZIbOhe/view,
Mole Lab Image,LABS-Unit 7,Lab,,1XYe4BIidJ-ZVSNMfudf0V6MRzRiKUHaL,
Lab-Molar Masses and Moles.pdf,LABS-Unit 7,Lab,https://kami.app/5mk-wz8-PvZ-kPJ,https://drive.google.com/file/d/11-rXqssnxtqL3HjOVjlWrFzjk2_zLtWG/view,
LAB-Molar Masses and Moles Image,LABS-Unit 7,Lab,,1HFObchjQRNS3Ae5CpuTsY7wVfhT-ZCLl,
Mole Presentation,Unit 7 Presentations,Presentation,,,https://docs.google.com/presentation/d/1BK53L_hg3ARHY1UDo-aBGPi9ju_U-9tyV1mzJeErGKQ/edit (not yet published to web)
Dimensional Analysis Presentation,Unit 7 Presentations,Presentation,,,https://docs.google.com/presentation/d/1S5X6HfdPceXI30ufoRjruygT0yIkuh1BSNJHqx-75H8/edit (not yet published to web)
Dimensional Analysis Template Presentation,Unit 7 Presentations,Presentation,,,https://docs.google.com/presentation/d/1Llq20FLtaqr9L5ZJB4avQXLvkj9C37qkeIgGJNn1Hho/edit (not yet published to web)
Dimensional Analysis Visual (doc),Unit 7 Presentations,Presentation,,https://docs.google.com/document/d/1HSEhHGzYwXKpdELBHZG_0JM-KAYWbVx44wEEzaFh1k4/edit,
Dimensional Analysis Paper Visual Image,Unit 7 Presentations,Presentation,,1I8KUBx9h_qxPkhzz0nvF_mVQRX9vOlIg,
Mole 6 Image,Unit 7 Presentations,Presentation,,1eihQK5xE65tvkHt-UR_JAXWLDtu2Cogs,
Mole 5 Image,Unit 7 Presentations,Presentation,,1TKpIcJ_dx0zPGJNM0mfiwxYuz0ju-3ME,
Mole 4 Image,Unit 7 Presentations,Presentation,,1HxGbapaYy-6Xc4Vy3WxD39s2ULe6ju1M,
Mole 3 Image,Unit 7 Presentations,Presentation,,1r7YlI8d6boRrnmJL3-9gCxVQXVEXdMha,
Mole 2 Image,Unit 7 Presentations,Presentation,,16rW1fc38rvIAj-jxmSlYV6a2LxvDeuBv,
Mole 1 Image,Unit 7 Presentations,Presentation,,1C62JLVNDIW0XmmI99pTOTQ_qYtyvU0uz,
TEST-Mole & Dimensional Analysis Retake (doc),Unit 7 Test,Test,,https://docs.google.com/document/d/11yVfxewofc69YJnhaJM7xa566-fwpjiFF7U5fYg3sEo/edit,
TEST-Mole & Dimensional Analysis (doc),Unit 7 Test,Test,,https://docs.google.com/document/d/1PujvutVQvKC5Stgt9LSc_2bcqn2PPSp0pxleF9GTIpc/edit,
Test Review_Mole-Jeopardy,Unit 7 Test,Test,,,https://docs.google.com/presentation/d/13_F7aWgrOK4sWwbqebplHtRmKNHhuGTBAC9r2n98JhI/edit (not yet published to web)
TEST-Mole & Dimensional Analysis Retake.pdf,Unit 7 Test,Test,https://kami.app/tDr-fWj-8ZM-Zuy,https://drive.google.com/file/d/1IXQchE2uFtxJGGZvRk-oL0mTCn4l4vd4/view,
TEST-Mole & Dimensional Analysis.pdf,Unit 7 Test,Test,https://kami.app/iau-M3C-NbV-zvV,https://drive.google.com/file/d/16N7c2svYrgyO5KLqcVMVIlcAejNIom5G/view,
"Mass, Mole, or Number of Particles.pdf","Mass, Mole, or Number of Particles",Worksheet,https://kami.app/Nrj-DNw-1D9-uK9,https://drive.google.com/file/d/14OrQEhO98d7EkSudtmoc6Eh_kYT57txD/view,
"Mass, Mole, or Number of Particles Image","Mass, Mole, or Number of Particles",Worksheet,,1SVenFmiyKKT4MPAdOkWc63wUmp3ShWZ3,
Molar Mass.pdf,Molar Mass,Worksheet,https://kami.app/SUX-uFa-PYy-Pcs,https://drive.google.com/file/d/1ehMplNJwJnHoPTkmDtbRe2z5Yza7mcJK/view,
Molar Mass Image,Molar Mass,Worksheet,,1UNVYsv7a_2PrSO_TU3a42e5VpOs6mVuv,
Chemical Quantities Worksheet.pdf,Chemical Quantities Worksheet,Worksheet,https://kami.app/b2F-jU6-5sQ-YQY,https://drive.google.com/file/d/1nSYJBsuivxIsODA7lglnhcpIP9Olg5U7/view,
Calculating with Scientific Notation.pdf,Calculating with Scientific Notation,Worksheet,https://kami.app/6BG-y6K-JjH-t2L,https://drive.google.com/file/d/1oohcnSzWxFyvEeUWTS91jheSuUpjb-32/view,
Calculating with Scientific Notation Image,Calculating with Scientific Notation,Worksheet,,1OSNyQmv7cw4PIDGtsAR9omFAGKbmDWQt,
POGIL Mole 2016-2017 (doc),POGIL-Mole,POGIL,,https://docs.google.com/document/d/1GqLNcPkkwfPE7mS8PJrVaUWSygRmvmuMlgtKPJbETu4/edit,
POGIL Mole.pdf,POGIL-Mole,POGIL,https://kami.app/QyP-AYV-yYN-jdk,https://drive.google.com/file/d/1oC4pA8_GpydLixAz991inlUkEC2edQKn/view,
POGIL-Mole Image,POGIL-Mole,POGIL,,1vztc2_lphV_dunIUZrFUApdprSXhdMkw,
Scientific (Exponential) Notation.pdf,Scientific (Exponential) Notation,Worksheet,https://kami.app/vKW-1ZJ-WWx-pDL,https://drive.google.com/file/d/1tY-8wm-6YHmfFLEHWWs5gORpN-5-NEb-/view,
